total_return,annualized_return,annualized_volatility,max_drawdown,sharpe_ratio,days,final_equity,topn
-1.0,-1.0,2.044554199017755,-1.0,-0.5037773028931357,2431.0,0.0,1
-1.0,-1.0,1.7169744510223803,-1.0059302353508748,-0.5998924441692663,2431.0,0.0,2
-1.0,-1.0,1.462262805425206,-1.004507344028398,-0.7043877449242033,2431.0,0.0,3
-1.0,-1.0,1.1725904275375154,-1.006674151149333,-0.8783970735314967,2431.0,0.0,4
-0.9999984779063469,-0.7505716610740064,1.1560978280028151,-0.9999994620960233,-0.6751778631246643,2431.0,1.5220936531409746,5
