total_return,annualized_return,annualized_volatility,max_drawdown,sharpe_ratio,calmar_ratio,sortino_ratio,win_rate,max_drawdown_duration,return_skewness,days,final_equity,topn,turnover_estimate,tradability_pass_rate
6.97964717715064,0.2906959119927086,0.3335333496142261,-0.48673741810216786,0.7816187265658342,0.5972335414979141,1.13774086349772,0.500243783520234,539.0,-0.0852764252514715,2051.0,7979647.17715064,6,0.5728155339805826,1.0
