total_return,annualized_return,annualized_volatility,max_drawdown,sharpe_ratio,calmar_ratio,sortino_ratio,win_rate,max_drawdown_duration,return_skewness,days,final_equity,topn,turnover_estimate,tradability_pass_rate
7.174021182901159,0.29451816173061385,0.33114209099243863,-0.44453640463344624,0.7988056152506867,0.6625287797823134,1.1705335514404753,0.5012189176011702,579.0,-0.14011526980440409,2051.0,8174021.182901158,6,0.5574433656957931,1.0
