total_return,annualized_return,annualized_volatility,max_drawdown,sharpe_ratio,calmar_ratio,sortino_ratio,win_rate,max_drawdown_duration,return_skewness,days,final_equity,topn,turnover_estimate,tradability_pass_rate
0.05624126597916601,0.006745511649684177,0.344274020186969,-0.5650250369226586,-0.06754645133456985,0.011938429642733712,-0.08994605967169549,0.47976596782057535,1647.0,-0.45149581067717987,2051.0,1056241.265979166,6,0.5792880258899679,1.0
