total_return,annualized_return,annualized_volatility,max_drawdown,sharpe_ratio,calmar_ratio,sortino_ratio,win_rate,max_drawdown_duration,return_skewness,days,final_equity,topn,turnover_estimate,tradability_pass_rate
0.1409302332687692,0.01633117270569584,0.3425172308616143,-0.5241946927194243,-0.03990697711738395,0.03115478453429729,-0.05394451392481297,0.47927840078010725,1152.0,-0.2921960282387671,2051.0,1140930.2332687692,6,0.6173139158576053,1.0
